Date,Open,High,Low,Close,Adj Close,Volume
2018-05-08,1250.000000,1460.000000,1200.000000,1460.000000,1428.564575,74480800
2018-05-09,1500.000000,1540.000000,1460.000000,1470.000000,1438.349243,22920200
2018-05-10,null,null,null,null,null,null
2018-05-11,1470.000000,1515.000000,1470.000000,1510.000000,1477.488037,43286000
2018-05-14,1510.000000,1515.000000,1495.000000,1505.000000,1472.595703,16091400
2018-05-15,1505.000000,1505.000000,1505.000000,1505.000000,1472.595703,0
2018-05-16,1505.000000,1505.000000,1505.000000,1505.000000,1472.595703,0
2018-05-17,1515.000000,1585.000000,1515.000000,1580.000000,1545.980835,69931400
2018-05-18,1580.000000,1590.000000,1580.000000,1580.000000,1545.980835,15817100
2018-05-21,1580.000000,1585.000000,1570.000000,1580.000000,1545.980835,12665700
2018-05-22,1580.000000,1600.000000,1580.000000,1590.000000,1555.765503,16716800
2018-05-23,1590.000000,1600.000000,1590.000000,1595.000000,1560.657837,23964500
2018-05-24,1595.000000,1595.000000,1585.000000,1590.000000,1555.765503,17099900
2018-05-25,1590.000000,1590.000000,1580.000000,1585.000000,1550.873169,9364400
2018-05-28,1585.000000,1600.000000,1585.000000,1595.000000,1560.657837,22885700
2018-05-29,1595.000000,1595.000000,1595.000000,1595.000000,1560.657837,0
2018-05-30,1590.000000,1590.000000,1570.000000,1570.000000,1536.196167,19846500
2018-05-31,1570.000000,1570.000000,1550.000000,1550.000000,1516.626831,13292200
2018-06-01,1550.000000,1550.000000,1550.000000,1550.000000,1516.626831,0
2018-06-04,1550.000000,1560.000000,1550.000000,1560.000000,1526.411499,9721900
2018-06-05,1560.000000,1560.000000,1540.000000,1545.000000,1511.734497,12678900
2018-06-06,1545.000000,1545.000000,1525.000000,1525.000000,1492.165039,12060200
2018-06-07,1530.000000,1530.000000,1500.000000,1505.000000,1472.595703,16103800
2018-06-08,1505.000000,1510.000000,1500.000000,1505.000000,1472.595703,9214200
2018-06-11,1505.000000,1505.000000,1505.000000,1505.000000,1472.595703,0
2018-06-12,1505.000000,1505.000000,1505.000000,1505.000000,1472.595703,0
2018-06-13,1505.000000,1505.000000,1505.000000,1505.000000,1472.595703,0
2018-06-14,1505.000000,1505.000000,1505.000000,1505.000000,1472.595703,0
2018-06-15,1505.000000,1505.000000,1505.000000,1505.000000,1472.595703,0
2018-06-18,1505.000000,1505.000000,1505.000000,1505.000000,1472.595703,0
2018-06-19,1505.000000,1505.000000,1505.000000,1505.000000,1472.595703,0
2018-06-20,1520.000000,1570.000000,1520.000000,1550.000000,1516.626831,34766300
2018-06-21,1555.000000,1575.000000,1555.000000,1560.000000,1526.411499,68818300
2018-06-22,1565.000000,1575.000000,1560.000000,1570.000000,1536.196167,74405400
2018-06-25,1570.000000,1585.000000,1570.000000,1570.000000,1536.196167,75461700
2018-06-26,1570.000000,1575.000000,1560.000000,1570.000000,1536.196167,15658300
2018-06-27,1570.000000,1575.000000,1570.000000,1575.000000,1541.088501,12599600
2018-06-28,1575.000000,1585.000000,1570.000000,1585.000000,1550.873169,38934100
2018-06-29,1585.000000,1595.000000,1585.000000,1585.000000,1550.873169,17237900
2018-07-02,1585.000000,1590.000000,1580.000000,1585.000000,1550.873169,7156900
2018-07-03,1585.000000,1585.000000,1580.000000,1585.000000,1550.873169,8054200
2018-07-04,1585.000000,1590.000000,1580.000000,1585.000000,1550.873169,22347300
2018-07-05,1585.000000,1590.000000,1580.000000,1580.000000,1545.980835,33188300
2018-07-06,1585.000000,1590.000000,1580.000000,1580.000000,1545.980835,38814900
2018-07-09,1585.000000,1590.000000,1580.000000,1585.000000,1550.873169,39453600
2018-07-10,1585.000000,1590.000000,1580.000000,1590.000000,1555.765503,57329000
2018-07-11,1585.000000,1585.000000,1580.000000,1580.000000,1545.980835,19606200
2018-07-12,1585.000000,1595.000000,1580.000000,1590.000000,1555.765503,41780300
2018-07-13,1590.000000,1595.000000,1580.000000,1580.000000,1545.980835,58047500
2018-07-16,1585.000000,1590.000000,1580.000000,1580.000000,1545.980835,22499800
2018-07-17,1585.000000,1620.000000,1580.000000,1620.000000,1585.119629,97362300
2018-07-18,1620.000000,1635.000000,1615.000000,1625.000000,1590.011963,56958200
2018-07-19,1625.000000,1630.000000,1610.000000,1620.000000,1585.119629,33452400
2018-07-20,1620.000000,1625.000000,1610.000000,1620.000000,1585.119629,33468200
2018-07-23,1620.000000,1625.000000,1615.000000,1620.000000,1585.119629,28082000
2018-07-24,1620.000000,1625.000000,1615.000000,1620.000000,1585.119629,20944300
2018-07-25,1620.000000,1625.000000,1605.000000,1610.000000,1575.334961,36699900
2018-07-26,1610.000000,1625.000000,1610.000000,1615.000000,1580.227295,30508200
2018-07-27,1615.000000,1625.000000,1610.000000,1620.000000,1585.119629,41807300
2018-07-30,1620.000000,1625.000000,1610.000000,1615.000000,1580.227295,29190500
2018-07-31,1615.000000,1620.000000,1610.000000,1615.000000,1580.227295,21428800
2018-08-01,1615.000000,1625.000000,1610.000000,1615.000000,1580.227295,21089900
2018-08-02,1615.000000,1630.000000,1610.000000,1620.000000,1585.119629,15328000
2018-08-03,1620.000000,1625.000000,1615.000000,1620.000000,1585.119629,9911600
2018-08-06,1620.000000,1630.000000,1615.000000,1625.000000,1590.011963,20676500
2018-08-07,1625.000000,1630.000000,1620.000000,1625.000000,1590.011963,23874400
2018-08-08,1625.000000,1630.000000,1620.000000,1625.000000,1590.011963,26769200
2018-08-09,1625.000000,1635.000000,1620.000000,1625.000000,1590.011963,36217700
2018-08-10,1625.000000,1630.000000,1620.000000,1625.000000,1590.011963,18298400
2018-08-13,1625.000000,1625.000000,1590.000000,1610.000000,1575.334961,35347600
2018-08-14,1610.000000,1615.000000,1600.000000,1605.000000,1570.442627,8710600
2018-08-15,1605.000000,1605.000000,1585.000000,1585.000000,1550.873169,8151100
2018-08-16,1585.000000,1585.000000,1575.000000,1580.000000,1545.980835,2990500
2018-08-17,1580.000000,1580.000000,1580.000000,1580.000000,1545.980835,0
2018-08-20,1580.000000,1605.000000,1575.000000,1600.000000,1565.550293,21391900
2018-08-21,1600.000000,1610.000000,1595.000000,1605.000000,1570.442627,17543800
2018-08-22,1605.000000,1605.000000,1605.000000,1605.000000,1570.442627,0
2018-08-23,1605.000000,1625.000000,1600.000000,1625.000000,1590.011963,31541700
2018-08-24,1625.000000,1635.000000,1620.000000,1635.000000,1599.796631,27947800
2018-08-27,1630.000000,1635.000000,1625.000000,1635.000000,1599.796631,16931200
2018-08-28,1640.000000,1640.000000,1620.000000,1625.000000,1590.011963,12604300
2018-08-29,1625.000000,1635.000000,1620.000000,1625.000000,1590.011963,21452100
2018-08-30,1625.000000,1635.000000,1620.000000,1630.000000,1594.904297,17533500
2018-08-31,1630.000000,1635.000000,1625.000000,1630.000000,1594.904297,11519000
2018-09-03,1630.000000,1635.000000,1625.000000,1630.000000,1594.904297,15282600
2018-09-04,1630.000000,1630.000000,1625.000000,1625.000000,1590.011963,17548100
2018-09-05,1625.000000,1630.000000,1570.000000,1620.000000,1585.119629,36096800
2018-09-06,1620.000000,1635.000000,1615.000000,1630.000000,1594.904297,16404000
2018-09-07,1630.000000,1635.000000,1625.000000,1635.000000,1599.796631,11642200
2018-09-10,1640.000000,1640.000000,1625.000000,1640.000000,1604.688965,13182800
2018-09-11,1640.000000,1640.000000,1640.000000,1640.000000,1604.688965,0
2018-09-12,1640.000000,1645.000000,1635.000000,1640.000000,1604.688965,13165500
2018-09-13,1640.000000,1645.000000,1630.000000,1635.000000,1599.796631,53418500
2018-09-14,1635.000000,1660.000000,1635.000000,1650.000000,1614.473633,74046100
2018-09-17,1650.000000,1655.000000,1640.000000,1645.000000,1609.581299,32724500
2018-09-18,1645.000000,1650.000000,1640.000000,1650.000000,1614.473633,29343200
2018-09-19,1650.000000,1655.000000,1645.000000,1655.000000,1619.365967,26028600
2018-09-20,1650.000000,1660.000000,1650.000000,1655.000000,1619.365967,29814200
2018-09-21,1655.000000,1660.000000,1650.000000,1650.000000,1614.473633,25253100
2018-09-24,1655.000000,1655.000000,1645.000000,1650.000000,1614.473633,16856700
2018-09-25,1655.000000,1655.000000,1645.000000,1650.000000,1614.473633,19199500
2018-09-26,1650.000000,1655.000000,1645.000000,1650.000000,1614.473633,11633200
2018-09-27,1650.000000,1660.000000,1645.000000,1660.000000,1624.258423,26588300
2018-09-28,1655.000000,1665.000000,1655.000000,1665.000000,1629.150757,23965300
2018-10-01,1665.000000,1690.000000,1660.000000,1685.000000,1648.720093,31230700
2018-10-02,1685.000000,1690.000000,1675.000000,1680.000000,1643.827759,19085100
2018-10-03,1680.000000,1680.000000,1670.000000,1675.000000,1638.935425,13359300
2018-10-04,1675.000000,1675.000000,1655.000000,1660.000000,1624.258423,7172400
2018-10-05,1660.000000,1660.000000,1645.000000,1655.000000,1619.365967,13673700
2018-10-08,1655.000000,1660.000000,1640.000000,1645.000000,1609.581299,8309200
2018-10-09,1640.000000,1645.000000,1620.000000,1635.000000,1599.796631,16895400
2018-10-10,1635.000000,1655.000000,1630.000000,1650.000000,1614.473633,32971800
2018-10-11,1650.000000,1650.000000,1615.000000,1615.000000,1580.227295,19130600
2018-10-12,1615.000000,1620.000000,1595.000000,1595.000000,1560.657837,7737300
2018-10-15,1595.000000,1630.000000,1595.000000,1625.000000,1590.011963,25110300
2018-10-16,1625.000000,1640.000000,1620.000000,1640.000000,1604.688965,15556100
2018-10-17,1640.000000,1670.000000,1640.000000,1665.000000,1629.150757,21036700
2018-10-18,1665.000000,1670.000000,1655.000000,1670.000000,1634.043091,9950100
2018-10-19,1665.000000,1685.000000,1660.000000,1680.000000,1643.827759,20399800
2018-10-22,1680.000000,1685.000000,1675.000000,1680.000000,1643.827759,11116400
2018-10-23,1680.000000,1690.000000,1680.000000,1685.000000,1648.720093,23756900
2018-10-24,1685.000000,1695.000000,1685.000000,1695.000000,1658.504761,19924800
2018-10-25,1685.000000,1700.000000,1680.000000,1700.000000,1663.397095,24447300
2018-10-26,1700.000000,1705.000000,1695.000000,1700.000000,1663.397095,16568000
2018-10-29,1700.000000,1705.000000,1695.000000,1700.000000,1663.397095,18258700
2018-10-30,1700.000000,1715.000000,1695.000000,1710.000000,1673.181763,31689900
2018-10-31,1710.000000,1710.000000,1695.000000,1705.000000,1668.289429,19285500
2018-11-01,1705.000000,1710.000000,1700.000000,1710.000000,1673.181763,24115500
2018-11-02,1705.000000,1745.000000,1705.000000,1745.000000,1707.428223,31598100
2018-11-05,1745.000000,1750.000000,1720.000000,1725.000000,1687.858887,15636800
2018-11-06,1725.000000,1730.000000,1700.000000,1705.000000,1668.289429,15769000
2018-11-07,1705.000000,1715.000000,1675.000000,1680.000000,1643.827759,15296000
2018-11-08,1680.000000,1690.000000,1680.000000,1690.000000,1653.612427,22822100
2018-11-09,1690.000000,1695.000000,1655.000000,1660.000000,1624.258423,40764200
2018-11-12,1660.000000,1660.000000,1635.000000,1645.000000,1609.581299,43964300
2018-11-13,1645.000000,1655.000000,1640.000000,1650.000000,1614.473633,42601800
2018-11-14,1650.000000,1700.000000,1645.000000,1700.000000,1663.397095,65512500
2018-11-15,1700.000000,1735.000000,1695.000000,1725.000000,1687.858887,23240900
2018-11-16,1725.000000,1740.000000,1720.000000,1730.000000,1692.751221,16167900
2018-11-19,1730.000000,1740.000000,1700.000000,1710.000000,1673.181763,18435400
2018-11-20,1710.000000,1710.000000,1710.000000,1710.000000,1673.181763,0
2018-11-21,1705.000000,1710.000000,1675.000000,1685.000000,1648.720093,16235700
2018-11-22,1685.000000,1695.000000,1685.000000,1695.000000,1658.504761,19660700
2018-11-23,1695.000000,1700.000000,1680.000000,1690.000000,1653.612427,12064600
2018-11-26,1690.000000,1735.000000,1650.000000,1735.000000,1697.643555,63315200
2018-11-27,1735.000000,1735.000000,1705.000000,1710.000000,1673.181763,15086300
2018-11-28,1710.000000,1715.000000,1700.000000,1715.000000,1678.074097,22156400
2018-11-29,1710.000000,1730.000000,1710.000000,1725.000000,1687.858887,37700400
2018-11-30,1725.000000,1730.000000,1715.000000,1715.000000,1678.074097,14125900
2018-12-03,1715.000000,1740.000000,1715.000000,1735.000000,1697.643555,20903900
2018-12-04,1735.000000,1735.000000,1710.000000,1715.000000,1678.074097,11183000
2018-12-05,1715.000000,1720.000000,1695.000000,1715.000000,1678.074097,17749300
2018-12-06,1715.000000,1715.000000,1695.000000,1705.000000,1668.289429,13539900
2018-12-07,1705.000000,1710.000000,1695.000000,1710.000000,1673.181763,22547200
2018-12-10,1710.000000,1710.000000,1695.000000,1700.000000,1663.397095,12030300
2018-12-11,1700.000000,1725.000000,1690.000000,1715.000000,1678.074097,27322100
2018-12-12,1715.000000,1820.000000,1710.000000,1805.000000,1766.136353,59981000
2018-12-13,1805.000000,1895.000000,1800.000000,1880.000000,1839.521484,60348100
2018-12-14,1880.000000,1885.000000,1860.000000,1865.000000,1824.844482,15490500
2018-12-17,1865.000000,1870.000000,1825.000000,1830.000000,1790.598022,27541000
2018-12-18,1825.000000,1825.000000,1755.000000,1790.000000,1751.459351,106405000
2018-12-19,1780.000000,1820.000000,1755.000000,1815.000000,1775.921021,76706500
2018-12-20,1815.000000,1820.000000,1790.000000,1810.000000,1771.028687,17743100
2018-12-21,1810.000000,1825.000000,1800.000000,1820.000000,1780.813354,20190300
2018-12-24,1820.000000,1820.000000,1820.000000,1820.000000,1780.813354,0
2018-12-25,1820.000000,1820.000000,1820.000000,1820.000000,1780.813354,0
2018-12-26,1810.000000,1815.000000,1800.000000,1810.000000,1771.028687,16894600
2018-12-27,1815.000000,1815.000000,1790.000000,1800.000000,1761.244019,19246600
2018-12-28,1800.000000,1800.000000,1775.000000,1795.000000,1756.351685,14677400
2018-12-31,1795.000000,1795.000000,1795.000000,1795.000000,1756.351685,0
2019-01-01,1795.000000,1795.000000,1795.000000,1795.000000,1756.351685,0
2019-01-02,1810.000000,1875.000000,1800.000000,1870.000000,1829.736816,45753600
2019-01-03,1870.000000,1930.000000,1865.000000,1925.000000,1883.552612,55368400
2019-01-04,1925.000000,1945.000000,1910.000000,1945.000000,1903.121948,34593100
2019-01-07,1945.000000,1960.000000,1930.000000,1955.000000,1912.906738,30708400
2019-01-08,1955.000000,1955.000000,1935.000000,1950.000000,1908.014404,43807500
2019-01-09,1950.000000,1965.000000,1945.000000,1955.000000,1912.906738,45061700
2019-01-10,1955.000000,1955.000000,1930.000000,1935.000000,1893.337280,40181300
2019-01-11,1935.000000,1945.000000,1930.000000,1940.000000,1898.229614,38630200
2019-01-14,1940.000000,1940.000000,1925.000000,1930.000000,1888.444946,17862700
2019-01-15,1935.000000,1945.000000,1930.000000,1935.000000,1893.337280,17567500
2019-01-16,1935.000000,1950.000000,1930.000000,1935.000000,1893.337280,24934800
2019-01-17,1930.000000,1950.000000,1930.000000,1940.000000,1898.229614,22823300
2019-01-18,1940.000000,1945.000000,1855.000000,1895.000000,1854.198608,133872800
2019-01-21,1900.000000,1900.000000,1855.000000,1875.000000,1834.629150,80722900
2019-01-22,1875.000000,1910.000000,1855.000000,1910.000000,1868.875610,79880300
2019-01-23,1910.000000,1945.000000,1890.000000,1945.000000,1903.121948,39304600
2019-01-24,1945.000000,1960.000000,1940.000000,1955.000000,1912.906738,41108200
2019-01-25,1955.000000,1965.000000,1950.000000,1950.000000,1908.014404,36889700
2019-01-28,1950.000000,1960.000000,1945.000000,1955.000000,1912.906738,33112900
2019-01-29,1955.000000,1960.000000,1940.000000,1955.000000,1912.906738,28025400
2019-01-30,1955.000000,1970.000000,1950.000000,1960.000000,1917.799072,23329700
2019-01-31,1960.000000,1985.000000,1955.000000,1985.000000,1942.260742,65070300
2019-02-01,1985.000000,2010.000000,1980.000000,2000.000000,1956.937744,33741000
2019-02-04,2000.000000,2010.000000,1980.000000,1990.000000,1947.153076,24671900
2019-02-05,1990.000000,1990.000000,1990.000000,1990.000000,1947.153076,0
2019-02-06,1990.000000,2020.000000,1985.000000,2000.000000,1956.937744,26650600
2019-02-07,2000.000000,2040.000000,1995.000000,2000.000000,1956.937744,26896800
2019-02-08,2000.000000,2010.000000,1980.000000,1985.000000,1942.260742,22331000
2019-02-11,1985.000000,1990.000000,1970.000000,1975.000000,1932.476074,17672900
2019-02-12,1975.000000,1985.000000,1965.000000,1975.000000,1932.476074,22937200
2019-02-13,1975.000000,2000.000000,1975.000000,2000.000000,1956.937744,42591100
2019-02-14,2000.000000,2040.000000,2000.000000,2030.000000,1986.291870,68018600
2019-02-15,2030.000000,2040.000000,1995.000000,2040.000000,1996.076538,88107900
2019-02-18,2040.000000,2100.000000,2030.000000,2070.000000,2025.430664,91132300
2019-02-19,2080.000000,2100.000000,2060.000000,2080.000000,2035.215332,50778600
2019-02-20,2080.000000,2100.000000,2060.000000,2070.000000,2025.430664,28538000
2019-02-21,2070.000000,2080.000000,2050.000000,2070.000000,2025.430664,27934900
2019-02-22,2070.000000,2080.000000,2050.000000,2060.000000,2015.645874,77897100
2019-02-25,2060.000000,2090.000000,2050.000000,2060.000000,2015.645874,53851500
2019-02-26,2070.000000,2080.000000,2050.000000,2060.000000,2015.645874,24051100
2019-02-27,2060.000000,2080.000000,2050.000000,2060.000000,2015.645874,20838600
2019-02-28,2060.000000,2070.000000,2050.000000,2050.000000,2005.861206,16876400
2019-03-01,2050.000000,2090.000000,2050.000000,2070.000000,2025.430664,23721200
2019-03-04,2070.000000,2170.000000,2060.000000,2150.000000,2103.708008,78751200
2019-03-05,2150.000000,2160.000000,2130.000000,2140.000000,2093.923340,32203300
2019-03-06,2140.000000,2150.000000,2110.000000,2140.000000,2093.923340,31022900
2019-03-07,2140.000000,2140.000000,2140.000000,2140.000000,2093.923340,0
2019-03-08,2140.000000,2140.000000,2100.000000,2110.000000,2064.569336,25837100
2019-03-11,2110.000000,2130.000000,2090.000000,2110.000000,2064.569336,23580000
2019-03-12,2110.000000,2150.000000,2100.000000,2140.000000,2093.923340,68317600
2019-03-13,2140.000000,2140.000000,2090.000000,2100.000000,2054.784668,23437100
2019-03-14,2110.000000,2140.000000,2110.000000,2120.000000,2074.354004,44959600
2019-03-15,2130.000000,2150.000000,2120.000000,2140.000000,2093.923340,35352600
2019-03-18,2140.000000,2200.000000,2140.000000,2180.000000,2133.062256,101442800
2019-03-19,2180.000000,2190.000000,2150.000000,2170.000000,2123.277588,72638900
2019-03-20,2170.000000,2200.000000,2160.000000,2180.000000,2133.062256,52217700
2019-03-21,2180.000000,2250.000000,2180.000000,2220.000000,2172.200928,95239400
2019-03-22,2220.000000,2240.000000,2200.000000,2220.000000,2172.200928,32759100
2019-03-25,2220.000000,2230.000000,2180.000000,2200.000000,2152.631592,25480200
2019-03-26,2200.000000,2240.000000,2190.000000,2230.000000,2181.985596,48190600
2019-03-27,2250.000000,2250.000000,2210.000000,2230.000000,2181.985596,23380800
2019-03-28,2220.000000,2240.000000,2210.000000,2230.000000,2181.985596,20626000
2019-03-29,2230.000000,2240.000000,2200.000000,2220.000000,2172.200928,25033200
2019-04-01,2210.000000,2240.000000,2200.000000,2210.000000,2162.416260,49170600
2019-04-02,2220.000000,2240.000000,2210.000000,2220.000000,2172.200928,21369300
2019-04-03,2220.000000,2220.000000,2220.000000,2220.000000,2172.200928,0
2019-04-04,2230.000000,2250.000000,2210.000000,2220.000000,2172.200928,18902800
2019-04-05,2220.000000,2250.000000,2210.000000,2230.000000,2181.985596,33680600
2019-04-08,2250.000000,2260.000000,2220.000000,2240.000000,2191.770264,101190600
2019-04-09,2240.000000,2250.000000,2220.000000,2240.000000,2191.770264,57591100
2019-04-10,2240.000000,2250.000000,2210.000000,2230.000000,2181.985596,72197200
2019-04-11,2240.000000,2250.000000,2220.000000,2230.000000,2181.985596,21429500
2019-04-12,2230.000000,2250.000000,2220.000000,2240.000000,2191.770264,19785200
2019-04-15,2240.000000,2260.000000,2200.000000,2210.000000,2162.416260,88684400
2019-04-16,2210.000000,2250.000000,2180.000000,2250.000000,2201.554932,116226700
2019-04-17,2250.000000,2250.000000,2250.000000,2250.000000,2201.554932,0
2019-04-18,2270.000000,2360.000000,2250.000000,2340.000000,2289.617188,119538200
2019-04-19,2340.000000,2340.000000,2340.000000,2340.000000,2289.617188,0
2019-04-22,2340.000000,2400.000000,2340.000000,2390.000000,2338.540771,91552200
2019-04-23,2390.000000,2410.000000,2380.000000,2400.000000,2348.325439,59717300
2019-04-24,2400.000000,2410.000000,2390.000000,2400.000000,2348.325439,64047700
2019-04-25,2400.000000,2430.000000,2390.000000,2410.000000,2358.110107,81058700
2019-04-26,2410.000000,2420.000000,2380.000000,2420.000000,2367.894775,70404100
2019-04-29,2420.000000,2430.000000,2400.000000,2420.000000,2367.894775,40812300
2019-04-30,2420.000000,2490.000000,2410.000000,2470.000000,2416.818115,85182800
2019-05-01,2470.000000,2470.000000,2470.000000,2470.000000,2416.818115,0
2019-05-02,2470.000000,2530.000000,2470.000000,2510.000000,2455.957031,132112100
2019-05-03,2510.000000,2550.000000,2500.000000,2540.000000,2485.311035,129511800
2019-05-06,2540.000000,2540.000000,2520.000000,2540.000000,2485.311035,50842600
2019-05-07,2540.000000,2650.000000,2530.000000,2640.000000,2583.157959,117997200
2019-05-08,2640.000000,2680.000000,2620.000000,2670.000000,2612.511963,88500900
2019-05-09,2670.000000,2750.000000,2660.000000,2700.000000,2641.865967,66963000
2019-05-10,2700.000000,2760.000000,2700.000000,2710.000000,2651.650635,66520400
2019-05-13,2710.000000,2760.000000,2700.000000,2720.000000,2661.435303,70603200
2019-05-14,2720.000000,2730.000000,2540.000000,2550.000000,2495.095703,53130600
2019-05-15,2550.000000,2580.000000,2390.000000,2400.000000,2348.325439,62936500
2019-05-16,2400.000000,2490.000000,2360.000000,2490.000000,2436.387451,36855400
2019-05-17,2500.000000,2620.000000,2500.000000,2520.000000,2465.741699,41695900
2019-05-20,2520.000000,2570.000000,2510.000000,2570.000000,2514.665039,34993400
2019-05-21,2570.000000,2660.000000,2570.000000,2660.000000,2602.727295,50823900
2019-05-22,2660.000000,2660.000000,2550.000000,2640.000000,2583.157959,44361800
2019-05-23,2600.000000,2640.000000,2540.000000,2540.000000,2485.311035,37476200
2019-05-24,2540.000000,2650.000000,2540.000000,2640.000000,2583.157959,48283900
2019-05-27,2640.000000,2650.000000,2570.000000,2590.000000,2534.234375,33574000
2019-05-28,2590.000000,2620.000000,2570.000000,2610.000000,2553.803711,68148000
2019-05-29,2600.000000,2730.000000,2600.000000,2730.000000,2671.219971,51476600
2019-05-30,2730.000000,2730.000000,2730.000000,2730.000000,2671.219971,0
2019-05-31,2730.000000,2880.000000,2730.000000,2850.000000,2788.636230,56049600
2019-06-03,2850.000000,2850.000000,2850.000000,2850.000000,2788.636230,0
2019-06-04,2850.000000,2850.000000,2850.000000,2850.000000,2788.636230,0
2019-06-05,2850.000000,2850.000000,2850.000000,2850.000000,2788.636230,0
2019-06-06,2850.000000,2850.000000,2850.000000,2850.000000,2788.636230,0
2019-06-07,2850.000000,2850.000000,2850.000000,2850.000000,2788.636230,0
2019-06-10,2850.000000,3010.000000,2850.000000,2880.000000,2817.990479,50717500
2019-06-11,2880.000000,2930.000000,2850.000000,2870.000000,2808.205811,24203100
2019-06-12,2870.000000,2880.000000,2770.000000,2770.000000,2710.358887,33374000
2019-06-13,2770.000000,2950.000000,2750.000000,2950.000000,2886.483154,35035000
2019-06-14,2950.000000,3180.000000,2940.000000,3080.000000,3013.684082,40721400
2019-06-17,3080.000000,3280.000000,3070.000000,3200.000000,3131.100586,44992400
2019-06-18,3200.000000,3300.000000,3130.000000,3190.000000,3121.315674,41381100
2019-06-19,null,null,null,null,null,null
2019-06-20,3050.000000,3110.000000,2840.000000,2860.000000,2798.421143,45116300
2019-06-21,2880.000000,3030.000000,2860.000000,3020.000000,2954.976074,33910800
2019-06-24,3020.000000,3150.000000,2980.000000,3140.000000,3072.392334,36360200
2019-06-25,3140.000000,3340.000000,3140.000000,3250.000000,3180.023926,46876000
2019-06-26,3250.000000,3290.000000,3140.000000,3160.000000,3091.961670,38917000
2019-06-27,3160.000000,3230.000000,3160.000000,3180.000000,3111.531006,32809400
2019-06-28,3200.000000,3480.000000,3190.000000,3450.000000,3375.717773,55584400
2019-07-01,3480.000000,3510.000000,3350.000000,3420.000000,3346.363525,32527500
2019-07-02,3430.000000,3450.000000,3270.000000,3290.000000,3219.162598,40768300
2019-07-03,3290.000000,3370.000000,3270.000000,3350.000000,3277.870850,28184800
2019-07-04,3350.000000,3400.000000,3320.000000,3380.000000,3307.224854,32338400
2019-07-05,3400.000000,3430.000000,3290.000000,3290.000000,3219.162598,26892400
2019-07-08,3300.000000,3320.000000,3150.000000,3320.000000,3248.516846,37583800
2019-07-09,3330.000000,3450.000000,3320.000000,3360.000000,3287.655518,35416900
2019-07-10,3360.000000,3470.000000,3360.000000,3390.000000,3317.009521,35001000
2019-07-11,3400.000000,3630.000000,3400.000000,3630.000000,3551.842041,45375600
2019-07-12,3630.000000,3660.000000,3400.000000,3420.000000,3346.363525,35533300
2019-07-15,3430.000000,3600.000000,3430.000000,3600.000000,3522.488037,40733300
2019-07-16,3610.000000,3630.000000,3500.000000,3570.000000,3493.134033,26584600
2019-07-17,3570.000000,3590.000000,3500.000000,3520.000000,3444.210449,28350300
2019-07-18,3530.000000,3550.000000,3450.000000,3470.000000,3395.287109,27907800
2019-07-19,3480.000000,3500.000000,3380.000000,3390.000000,3317.009521,34996300
2019-07-22,3390.000000,3500.000000,3280.000000,3280.000000,3209.377930,37895400
2019-07-23,3280.000000,3480.000000,3240.000000,3480.000000,3405.071777,28198100
2019-07-24,3490.000000,3500.000000,3360.000000,3380.000000,3307.224854,27304300
2019-07-25,3400.000000,3420.000000,3310.000000,3360.000000,3287.655518,33974000
2019-07-26,3380.000000,3380.000000,3280.000000,3300.000000,3228.947266,29178100
2019-07-29,3300.000000,3300.000000,3170.000000,3180.000000,3111.531006,37825500
2019-07-30,3200.000000,3230.000000,3160.000000,3180.000000,3111.531006,36711900
2019-07-31,3180.000000,3260.000000,3120.000000,3170.000000,3101.746338,45541700
2019-08-01,3230.000000,3470.000000,3170.000000,3460.000000,3385.502441,47787400
2019-08-02,3460.000000,3530.000000,3330.000000,3520.000000,3444.210449,35134200
2019-08-05,3510.000000,3520.000000,3460.000000,3520.000000,3444.210449,32485900
2019-08-06,3490.000000,3490.000000,3280.000000,3340.000000,3268.086182,38795300
2019-08-07,3350.000000,3390.000000,3250.000000,3300.000000,3228.947266,31216700
2019-08-08,3290.000000,3330.000000,3190.000000,3190.000000,3121.315674,34245600
2019-08-09,3210.000000,3300.000000,3210.000000,3270.000000,3199.593262,24688700
2019-08-12,3300.000000,3310.000000,3210.000000,3240.000000,3170.239258,23059200
2019-08-13,3210.000000,3280.000000,3200.000000,3240.000000,3170.239258,28862100
2019-08-14,3240.000000,3300.000000,3220.000000,3220.000000,3150.669922,30489400
2019-08-15,3160.000000,3170.000000,3130.000000,3160.000000,3091.961670,28075000
2019-08-16,3170.000000,3210.000000,3130.000000,3170.000000,3101.746338,27797500
2019-08-19,3200.000000,3370.000000,3200.000000,3350.000000,3277.870850,34909900
2019-08-20,3380.000000,3440.000000,3200.000000,3200.000000,3131.100586,52177900
2019-08-21,3220.000000,3240.000000,3140.000000,3200.000000,3131.100586,36513900
2019-08-22,3220.000000,3260.000000,3160.000000,3200.000000,3131.100586,31814100
2019-08-23,3240.000000,3290.000000,3190.000000,3230.000000,3160.454590,31253000
2019-08-26,3200.000000,3280.000000,3170.000000,3280.000000,3209.377930,31894600
2019-08-27,3290.000000,3320.000000,3260.000000,3310.000000,3238.731934,30784500
2019-08-28,3270.000000,3330.000000,3260.000000,3300.000000,3228.947266,26126600
2019-08-29,3280.000000,3320.000000,3250.000000,3270.000000,3199.593262,23062700
2019-08-30,3250.000000,3280.000000,3160.000000,3220.000000,3150.669922,36603400
2019-09-02,3220.000000,3240.000000,3190.000000,3200.000000,3131.100586,23525000
2019-09-03,3180.000000,3210.000000,3180.000000,3200.000000,3131.100586,26745700
2019-09-04,3170.000000,3210.000000,3150.000000,3150.000000,3082.177002,19491000
2019-09-05,3150.000000,3170.000000,2980.000000,3050.000000,2984.330078,45776000
2019-09-06,3050.000000,3090.000000,2960.000000,3040.000000,2974.545410,30197100
2019-09-09,3040.000000,3040.000000,2880.000000,2900.000000,2837.559814,36782900
2019-09-10,2900.000000,3120.000000,2860.000000,3110.000000,3043.038330,39985100
2019-09-11,3110.000000,3200.000000,3060.000000,3170.000000,3101.746338,31276900
2019-09-12,3170.000000,3190.000000,3030.000000,3060.000000,2994.114746,33275300
2019-09-13,3070.000000,3110.000000,3030.000000,3080.000000,3013.684082,22800900
2019-09-16,3080.000000,3160.000000,3060.000000,3150.000000,3082.177002,25323800
2019-09-17,3150.000000,3170.000000,3060.000000,3110.000000,3043.038330,24949000
2019-09-18,3100.000000,3290.000000,3100.000000,3290.000000,3219.162598,32720000
2019-09-19,3270.000000,3460.000000,3220.000000,3270.000000,3199.593262,46086900
2019-09-20,3280.000000,3380.000000,3280.000000,3320.000000,3248.516846,73656200
2019-09-23,3290.000000,3330.000000,3170.000000,3200.000000,3131.100586,32296400
2019-09-24,3210.000000,3220.000000,3050.000000,3050.000000,2984.330078,29879700
2019-09-25,3050.000000,3080.000000,2980.000000,3060.000000,2994.114746,34566700
2019-09-26,3100.000000,3120.000000,3090.000000,3120.000000,3052.822998,29212000
2019-09-27,3120.000000,3220.000000,3080.000000,3160.000000,3091.961670,25631300
2019-09-30,3160.000000,3330.000000,3160.000000,3300.000000,3228.947266,28574300
2019-10-01,3300.000000,3310.000000,3130.000000,3160.000000,3091.961670,34759200
2019-10-02,3160.000000,3280.000000,3130.000000,3260.000000,3189.808594,28709600
2019-10-03,3260.000000,3390.000000,3160.000000,3340.000000,3268.086182,27706500
2019-10-04,3360.000000,3490.000000,3360.000000,3450.000000,3375.717773,27968700
2019-10-07,3480.000000,3630.000000,3470.000000,3620.000000,3542.057373,36244000
2019-10-08,3640.000000,4020.000000,3640.000000,3900.000000,3816.028809,65714200
2019-10-09,3870.000000,3890.000000,3670.000000,3800.000000,3718.181885,39599100
2019-10-10,3770.000000,3790.000000,3530.000000,3570.000000,3493.134033,36292800
2019-10-11,3570.000000,3650.000000,3560.000000,3590.000000,3512.703369,28554200
2019-10-14,3620.000000,3800.000000,3610.000000,3750.000000,3669.258301,33905100
2019-10-15,3790.000000,3890.000000,3760.000000,3840.000000,3757.320557,21441000
2019-10-16,3860.000000,3880.000000,3610.000000,3620.000000,3542.057373,31671700
2019-10-17,3660.000000,3810.000000,3620.000000,3670.000000,3590.980957,31238000
2019-10-18,3710.000000,3740.000000,3600.000000,3600.000000,3522.488037,29033700
2019-10-21,3670.000000,3670.000000,3530.000000,3580.000000,3502.918701,30218600
2019-10-22,3620.000000,3630.000000,3510.000000,3550.000000,3473.564697,30848600
2019-10-23,3570.000000,4000.000000,3570.000000,3810.000000,3727.966553,52143000
2019-10-24,3890.000000,3940.000000,3780.000000,3830.000000,3747.535889,34712200
2019-10-25,3820.000000,3860.000000,3680.000000,3720.000000,3639.904297,30698500
2019-10-28,3790.000000,3970.000000,3740.000000,3950.000000,3864.952148,30852100
2019-10-29,3950.000000,4190.000000,3810.000000,3820.000000,3737.751221,38563900
2019-10-30,3810.000000,4050.000000,3810.000000,4020.000000,3933.445068,35486500
2019-10-31,4050.000000,4100.000000,3830.000000,3840.000000,3757.320557,24501600
2019-11-01,3920.000000,3920.000000,3730.000000,3760.000000,3679.042969,22292200
2019-11-04,3810.000000,3920.000000,3760.000000,3870.000000,3786.674561,28761700
2019-11-05,3920.000000,4220.000000,3910.000000,4100.000000,4011.722412,33309800
2019-11-06,4100.000000,4190.000000,3970.000000,4030.000000,3943.229736,30041700
2019-11-07,4030.000000,4080.000000,3810.000000,3910.000000,3825.813477,31368700
2019-11-08,3880.000000,3990.000000,3840.000000,3960.000000,3874.736816,27754700
2019-11-11,3960.000000,4060.000000,3840.000000,3870.000000,3786.674561,21527400
2019-11-12,3910.000000,3920.000000,3870.000000,3900.000000,3816.028809,3215100
2019-11-13,3890.000000,4000.000000,3880.000000,4000.000000,3913.875488,6701000
2019-11-14,4000.000000,4050.000000,3860.000000,3880.000000,3796.459229,6594300
2019-11-15,3890.000000,3940.000000,3850.000000,3870.000000,3786.674561,5861500
2019-11-18,3870.000000,3910.000000,3730.000000,3800.000000,3718.181885,6373100
2019-11-19,3800.000000,3860.000000,3740.000000,3810.000000,3727.966553,5695400
2019-11-20,3850.000000,3890.000000,3770.000000,3830.000000,3747.535889,7289400
2019-11-21,3850.000000,3920.000000,3830.000000,3900.000000,3816.028809,6406900
2019-11-22,3900.000000,3900.000000,3790.000000,3800.000000,3718.181885,6500700
2019-11-25,3800.000000,3870.000000,3800.000000,3850.000000,3767.105225,3651100
2019-11-26,3880.000000,4010.000000,3810.000000,4010.000000,3923.660156,4306200
2019-11-27,3960.000000,3960.000000,3830.000000,3920.000000,3835.598145,4535200
2019-11-28,3940.000000,3940.000000,3850.000000,3900.000000,3816.028809,2393200
2019-11-29,3900.000000,3990.000000,3860.000000,3960.000000,3874.736816,4434000
2019-12-02,3960.000000,3960.000000,3870.000000,3930.000000,3845.382813,3275300
2019-12-03,3950.000000,4010.000000,3930.000000,4010.000000,3923.660156,5972900
2019-12-04,4000.000000,4000.000000,3900.000000,3900.000000,3816.028809,2759900
2019-12-05,3900.000000,3950.000000,3870.000000,3920.000000,3835.598145,2387300
2019-12-06,4000.000000,4000.000000,3900.000000,3940.000000,3855.167480,2689700
2019-12-09,3980.000000,3980.000000,3910.000000,3930.000000,3845.382813,2993000
2019-12-10,3970.000000,3980.000000,3930.000000,3970.000000,3884.521484,3619000
2019-12-11,4000.000000,4200.000000,3980.000000,4140.000000,4050.861328,11893800
2019-12-12,4190.000000,4300.000000,4070.000000,4080.000000,3992.153076,5740400
2019-12-13,3960.000000,4150.000000,3960.000000,4100.000000,4011.722412,4185200
2019-12-16,4100.000000,4170.000000,4050.000000,4090.000000,4001.937744,1480300
2019-12-17,4100.000000,4150.000000,4070.000000,4100.000000,4011.722412,5022200
2019-12-18,4100.000000,4130.000000,4050.000000,4090.000000,4001.937744,2433000
2019-12-19,4140.000000,4500.000000,4140.000000,4310.000000,4217.201172,9571100
2019-12-20,4310.000000,4400.000000,4230.000000,4290.000000,4197.631348,3128700
2019-12-23,4300.000000,4320.000000,4170.000000,4240.000000,4148.708008,2712900
2019-12-26,4300.000000,4300.000000,4200.000000,4240.000000,4148.708008,2708700
2019-12-27,4280.000000,4280.000000,4200.000000,4210.000000,4119.354004,1274500
2019-12-30,4240.000000,4390.000000,4210.000000,4250.000000,4158.492676,2918400
2020-01-02,4250.000000,4250.000000,4100.000000,4160.000000,4070.430664,2564000
2020-01-03,4200.000000,4200.000000,4100.000000,4100.000000,4011.722412,2720500
2020-01-06,4060.000000,4070.000000,3920.000000,3990.000000,3904.090820,5775600
2020-01-07,4000.000000,4200.000000,4000.000000,4190.000000,4099.784668,4454500
2020-01-08,4190.000000,4200.000000,4130.000000,4170.000000,4080.215332,2762600
2020-01-09,4200.000000,4270.000000,4190.000000,4250.000000,4158.492676,2565800
2020-01-10,4280.000000,4350.000000,4270.000000,4340.000000,4246.555176,2231500
2020-01-13,4340.000000,4370.000000,4280.000000,4320.000000,4226.985840,2017100
2020-01-14,4370.000000,4400.000000,4350.000000,4350.000000,4256.339844,6063700
2020-01-15,4380.000000,4400.000000,4330.000000,4400.000000,4305.263184,1000200
2020-01-16,4400.000000,4440.000000,4360.000000,4380.000000,4285.693848,1587800
2020-01-17,4380.000000,4410.000000,4360.000000,4390.000000,4295.478516,2137200
2020-01-20,4400.000000,4460.000000,4330.000000,4450.000000,4354.186523,2086500
2020-01-21,4450.000000,4550.000000,4430.000000,4500.000000,4403.109863,2963000
2020-01-22,4500.000000,5000.000000,4500.000000,4650.000000,4549.880371,6472000
2020-01-23,4730.000000,4980.000000,4680.000000,4700.000000,4598.803711,5911800
2020-01-24,4770.000000,4960.000000,4700.000000,4890.000000,4784.712891,2691600
2020-01-27,4890.000000,5125.000000,4880.000000,5050.000000,4941.268066,2949300
2020-01-28,5050.000000,5050.000000,4750.000000,4780.000000,4677.081543,6592900
2020-01-29,4780.000000,4840.000000,4400.000000,4570.000000,4471.603027,11161300
2020-01-30,4580.000000,4730.000000,4490.000000,4520.000000,4422.679199,7019600
2020-01-31,4540.000000,4640.000000,4410.000000,4410.000000,4315.047852,5459300
2020-02-03,4310.000000,4730.000000,4200.000000,4710.000000,4608.588379,6897600
2020-02-04,4730.000000,4840.000000,4650.000000,4680.000000,4579.234375,5618200
2020-02-05,4720.000000,4850.000000,4700.000000,4810.000000,4706.435547,5326400
2020-02-06,4850.000000,4900.000000,4650.000000,4680.000000,4579.234375,4101700
2020-02-07,4680.000000,4720.000000,4590.000000,4630.000000,4530.311035,2391000
2020-02-10,4630.000000,4630.000000,4500.000000,4510.000000,4412.894531,3767300
2020-02-11,4540.000000,4850.000000,4540.000000,4850.000000,4745.574219,6411000
2020-02-12,4850.000000,4860.000000,4650.000000,4660.000000,4559.665039,7062400
2020-02-13,4730.000000,4800.000000,4370.000000,4450.000000,4354.186523,11364700
2020-02-14,4450.000000,4460.000000,4330.000000,4390.000000,4295.478516,6868100
2020-02-17,4400.000000,4460.000000,4340.000000,4360.000000,4266.124512,6451900
2020-02-18,4370.000000,4450.000000,4360.000000,4370.000000,4275.909180,3605000
2020-02-19,4370.000000,4410.000000,4250.000000,4300.000000,4207.416016,4639000
2020-02-20,4320.000000,4370.000000,4320.000000,4350.000000,4256.339844,3931600
2020-02-21,4360.000000,4370.000000,4290.000000,4330.000000,4236.770508,3883200
2020-02-24,4340.000000,4350.000000,4210.000000,4250.000000,4158.492676,6741900
2020-02-25,4250.000000,4290.000000,4110.000000,4150.000000,4060.645996,5438300
2020-02-26,4150.000000,4240.000000,4140.000000,4200.000000,4109.569336,6763700
2020-02-27,4220.000000,4240.000000,4010.000000,4040.000000,3953.014404,9309400
2020-02-28,3990.000000,3990.000000,3700.000000,3760.000000,3679.042969,11319300
2020-03-02,3760.000000,3820.000000,3560.000000,3620.000000,3542.057373,9654800
2020-03-03,3690.000000,4100.000000,3690.000000,3830.000000,3747.535889,10306700
2020-03-04,3830.000000,4000.000000,3830.000000,3960.000000,3874.736816,6734400
2020-03-05,4070.000000,4190.000000,4040.000000,4060.000000,3972.583740,16232500
2020-03-06,4070.000000,4140.000000,4000.000000,4090.000000,4001.937744,13924100
2020-03-09,4050.000000,4050.000000,3710.000000,3780.000000,3698.612305,7471200
2020-03-10,3780.000000,3900.000000,3780.000000,3860.000000,3776.889893,7413100
2020-03-11,3890.000000,3920.000000,3600.000000,3700.000000,3620.334961,6061500
2020-03-12,3700.000000,3700.000000,3450.000000,3480.000000,3405.071777,12496500
2020-03-13,3440.000000,3590.000000,3240.000000,3400.000000,3326.794189,7469800
2020-03-16,3400.000000,3440.000000,3170.000000,3170.000000,3101.746338,6053100
2020-03-17,3100.000000,3170.000000,2950.000000,2950.000000,2886.483154,3688800
2020-03-18,2950.000000,2990.000000,2750.000000,2750.000000,2690.789551,5065100
2020-03-19,2700.000000,2700.000000,2560.000000,2560.000000,2504.880371,281600
2020-03-20,2520.000000,2560.000000,2390.000000,2430.000000,2377.679443,15056500
2020-03-23,2400.000000,2410.000000,2260.000000,2260.000000,2211.339600,644200
2020-03-24,2260.000000,2260.000000,2110.000000,2110.000000,2064.569336,1683000
2020-03-26,2100.000000,2410.000000,1965.000000,2270.000000,2221.124512,41144900
2020-03-27,2320.000000,2660.000000,2320.000000,2450.000000,2397.248779,38483300
2020-03-30,2440.000000,2480.000000,2280.000000,2280.000000,2230.909180,17163200
2020-03-31,2280.000000,2350.000000,2130.000000,2130.000000,2084.138672,29735900
2020-04-01,2130.000000,2220.000000,1985.000000,1985.000000,1942.260742,20658100
2020-04-02,1980.000000,1980.000000,1850.000000,1920.000000,1878.660278,34093500
2020-04-03,1920.000000,1980.000000,1790.000000,1805.000000,1766.136353,24533500
2020-04-06,1805.000000,2240.000000,1800.000000,2230.000000,2181.985596,56956400
2020-04-07,2270.000000,2780.000000,2270.000000,2780.000000,2720.143555,82305500
2020-04-08,2880.000000,2970.000000,2600.000000,2660.000000,2602.727295,56848100
2020-04-09,2720.000000,2950.000000,2640.000000,2940.000000,2876.698486,48356900
2020-04-13,2940.000000,2940.000000,2740.000000,2740.000000,2681.004883,60607900
2020-04-14,2700.000000,2700.000000,2550.000000,2550.000000,2495.095703,26842900
2020-04-15,2580.000000,2620.000000,2380.000000,2380.000000,2328.755859,27327800
2020-04-16,2330.000000,2340.000000,2220.000000,2220.000000,2172.200928,11638000
2020-04-17,2220.000000,2380.000000,2070.000000,2310.000000,2260.263184,162220000
2020-04-20,2310.000000,2390.000000,2160.000000,2200.000000,2152.631592,52672200
2020-04-21,2150.000000,2180.000000,2050.000000,2050.000000,2005.861206,33292900
2020-04-22,2020.000000,2190.000000,1950.000000,2160.000000,2113.492920,74756700
2020-04-23,2200.000000,2320.000000,2160.000000,2240.000000,2191.770264,63315900
2020-04-24,2230.000000,2230.000000,2090.000000,2090.000000,2045.000000,32379600
2020-04-27,2100.000000,2110.000000,1955.000000,1995.000000,1995.000000,38256000
2020-04-28,1995.000000,2020.000000,1875.000000,1900.000000,1900.000000,52772100
2020-04-29,1930.000000,1975.000000,1900.000000,1910.000000,1910.000000,57027900
2020-04-30,1935.000000,2300.000000,1930.000000,2190.000000,2190.000000,113835300
2020-05-04,2150.000000,2370.000000,2050.000000,2360.000000,2360.000000,121814400
2020-05-05,2360.000000,2520.000000,2310.000000,2460.000000,2460.000000,67952300
2020-05-06,2460.000000,2500.000000,2290.000000,2290.000000,2290.000000,28828100
2020-05-08,2310.000000,2360.000000,2170.000000,2320.000000,2320.000000,31311700
2020-05-11,2350.000000,2450.000000,2340.000000,2370.000000,2370.000000,27668600
2020-05-12,2370.000000,2390.000000,2220.000000,2250.000000,2250.000000,17682000
2020-05-13,2250.000000,2340.000000,2170.000000,2200.000000,2200.000000,20414600
2020-05-14,2180.000000,2280.000000,2070.000000,2080.000000,2080.000000,23449600
2020-05-15,2130.000000,2170.000000,2020.000000,2080.000000,2080.000000,19931200
2020-05-18,2100.000000,2230.000000,2060.000000,2230.000000,2230.000000,23106900
2020-05-19,2300.000000,2430.000000,2280.000000,2410.000000,2410.000000,50168300
2020-05-20,2410.000000,2420.000000,2280.000000,2330.000000,2330.000000,25005700
2020-05-26,2360.000000,2380.000000,2300.000000,2360.000000,2360.000000,13710000
2020-05-27,2390.000000,2520.000000,2350.000000,2520.000000,2520.000000,65336100
2020-05-28,2500.000000,2740.000000,2500.000000,2700.000000,2700.000000,37973800
2020-05-29,2700.000000,2880.000000,2620.000000,2880.000000,2880.000000,33725300
2020-06-02,2880.000000,3240.000000,2870.000000,3050.000000,3050.000000,53013800
2020-06-03,3120.000000,3180.000000,2980.000000,3100.000000,3100.000000,32431100
2020-06-04,3150.000000,3180.000000,3100.000000,3150.000000,3150.000000,15753100
2020-06-05,3140.000000,3200.000000,3020.000000,3170.000000,3170.000000,14190600
2020-06-08,3240.000000,3400.000000,3200.000000,3380.000000,3380.000000,14369400
2020-06-09,3380.000000,3480.000000,3160.000000,3180.000000,3180.000000,11790500
2020-06-10,3170.000000,3330.000000,2960.000000,3000.000000,3000.000000,18727700
2020-06-11,2950.000000,3140.000000,2870.000000,3130.000000,3130.000000,11675900
2020-06-12,3060.000000,3270.000000,2970.000000,3190.000000,3190.000000,18066800
2020-06-15,3160.000000,3270.000000,3050.000000,3080.000000,3080.000000,11853100
2020-06-16,3130.000000,3230.000000,3130.000000,3160.000000,3160.000000,14562500
2020-06-17,3180.000000,3330.000000,3150.000000,3260.000000,3260.000000,30533300
2020-06-18,3260.000000,3280.000000,3170.000000,3250.000000,3250.000000,16054200
2020-06-19,3240.000000,3330.000000,3230.000000,3270.000000,3270.000000,11605400
2020-06-22,3270.000000,3300.000000,3200.000000,3240.000000,3240.000000,6386000
2020-06-23,3220.000000,3250.000000,3100.000000,3160.000000,3160.000000,10311800
2020-06-24,3160.000000,3250.000000,3160.000000,3220.000000,3220.000000,8689100
2020-06-25,3160.000000,3200.000000,3100.000000,3100.000000,3100.000000,12159500
2020-06-26,3110.000000,3180.000000,3060.000000,3060.000000,3060.000000,10742900
2020-06-29,3040.000000,3160.000000,3010.000000,3160.000000,3160.000000,8512300
2020-06-30,3190.000000,3230.000000,3180.000000,3180.000000,3180.000000,6667700
2020-07-01,3200.000000,3210.000000,3110.000000,3130.000000,3130.000000,6295100
2020-07-02,3130.000000,3180.000000,3100.000000,3140.000000,3140.000000,10462800
2020-07-03,3150.000000,3180.000000,3110.000000,3140.000000,3140.000000,6558300
2020-07-06,3150.000000,3220.000000,3140.000000,3140.000000,3140.000000,6922700
2020-07-07,3160.000000,3170.000000,3080.000000,3090.000000,3090.000000,6458000
2020-07-08,3090.000000,3300.000000,3090.000000,3220.000000,3220.000000,18230300
2020-07-09,3250.000000,3280.000000,3210.000000,3220.000000,3220.000000,7246600
2020-07-10,3210.000000,3220.000000,3160.000000,3200.000000,3200.000000,6628200
2020-07-13,3200.000000,3240.000000,3200.000000,3210.000000,3210.000000,5411800
2020-07-14,3230.000000,3260.000000,3200.000000,3210.000000,3210.000000,11408400
2020-07-15,3230.000000,3330.000000,3210.000000,3220.000000,3220.000000,20185100
2020-07-16,3260.000000,3260.000000,3190.000000,3190.000000,3190.000000,6901600
2020-07-17,3200.000000,3210.000000,3140.000000,3190.000000,3190.000000,6116800
2020-07-20,3190.000000,3200.000000,3150.000000,3160.000000,3160.000000,4500400
2020-07-21,3160.000000,3200.000000,3160.000000,3200.000000,3200.000000,5984400
2020-07-22,3200.000000,3300.000000,3160.000000,3210.000000,3210.000000,27460800
2020-07-23,3250.000000,3270.000000,3200.000000,3250.000000,3250.000000,14830600
2020-07-24,3250.000000,3250.000000,3160.000000,3190.000000,3190.000000,6080500
2020-07-27,3210.000000,3250.000000,3150.000000,3180.000000,3180.000000,3212200
2020-07-28,3190.000000,3240.000000,3190.000000,3240.000000,3240.000000,5784200
2020-07-29,3240.000000,3530.000000,3200.000000,3430.000000,3430.000000,52035200
2020-07-30,3430.000000,3490.000000,3380.000000,3450.000000,3450.000000,25228900
2020-08-03,3450.000000,3500.000000,3210.000000,3410.000000,3410.000000,20860700
2020-08-04,3410.000000,3650.000000,3310.000000,3630.000000,3630.000000,20842000
2020-08-05,3650.000000,3660.000000,3510.000000,3580.000000,3580.000000,15364200
2020-08-06,3600.000000,3610.000000,3570.000000,3600.000000,3600.000000,5889900
2020-08-07,3600.000000,3630.000000,3570.000000,3620.000000,3620.000000,7794000
2020-08-10,3640.000000,3890.000000,3620.000000,3870.000000,3870.000000,23811500
2020-08-11,3860.000000,3950.000000,3810.000000,3860.000000,3860.000000,8955300
2020-08-12,3870.000000,4050.000000,3870.000000,4020.000000,4020.000000,9620200
2020-08-13,4020.000000,4140.000000,3980.000000,4010.000000,4010.000000,7011300
2020-08-14,4010.000000,4030.000000,3800.000000,3870.000000,3870.000000,7528900
2020-08-18,3870.000000,3910.000000,3830.000000,3850.000000,3850.000000,5449400
2020-08-19,3850.000000,3970.000000,3850.000000,3870.000000,3870.000000,7557200
2020-08-24,3870.000000,3910.000000,3760.000000,3770.000000,3770.000000,11714200
2020-08-25,3780.000000,3810.000000,3700.000000,3740.000000,3740.000000,10140200
2020-08-26,3750.000000,3930.000000,3740.000000,3890.000000,3890.000000,21729900
2020-08-27,3910.000000,3940.000000,3850.000000,3860.000000,3860.000000,6053400
2020-08-28,3860.000000,3900.000000,3830.000000,3830.000000,3830.000000,5006100
2020-08-31,3830.000000,3900.000000,3570.000000,3900.000000,3900.000000,12276700
2020-09-01,3870.000000,3900.000000,3750.000000,3770.000000,3770.000000,7298900
2020-09-02,3770.000000,3870.000000,3750.000000,3790.000000,3790.000000,7563400
2020-09-03,3800.000000,3840.000000,3780.000000,3800.000000,3800.000000,8120500
2020-09-04,3780.000000,3780.000000,3650.000000,3750.000000,3750.000000,5793600
2020-09-07,3790.000000,3790.000000,3700.000000,3710.000000,3710.000000,6873100
2020-09-08,3710.000000,3770.000000,3710.000000,3750.000000,3750.000000,2314100
2020-09-09,3700.000000,3760.000000,3650.000000,3650.000000,3650.000000,18829100
2020-09-10,3450.000000,3450.000000,3400.000000,3400.000000,3400.000000,20253500
2020-09-11,3170.000000,3410.000000,3170.000000,3380.000000,3380.000000,25714600
2020-09-14,3450.000000,3510.000000,3400.000000,3460.000000,3460.000000,13071000
2020-09-15,3470.000000,3490.000000,3320.000000,3380.000000,3380.000000,7429000
2020-09-16,3380.000000,3410.000000,3360.000000,3410.000000,3410.000000,7226300
2020-09-17,3420.000000,3470.000000,3350.000000,3370.000000,3370.000000,6097400
2020-09-18,3370.000000,3400.000000,3350.000000,3390.000000,3390.000000,3461300
2020-09-21,3360.000000,3360.000000,3240.000000,3260.000000,3260.000000,14198000
2020-09-22,3240.000000,3290.000000,3150.000000,3220.000000,3220.000000,5708000
2020-09-23,3290.000000,3300.000000,3140.000000,3210.000000,3210.000000,9376600
2020-09-24,3180.000000,3180.000000,2990.000000,3040.000000,3040.000000,11042300
2020-09-25,3020.000000,3130.000000,2970.000000,3090.000000,3090.000000,10802600
2020-09-28,3120.000000,3170.000000,3070.000000,3100.000000,3100.000000,4229700
2020-09-29,3150.000000,3160.000000,3050.000000,3090.000000,3090.000000,3082900
2020-09-30,3140.000000,3400.000000,3070.000000,3280.000000,3280.000000,8333700
2020-10-01,3320.000000,3370.000000,3210.000000,3350.000000,3350.000000,9032800
2020-10-02,3380.000000,3450.000000,3240.000000,3350.000000,3350.000000,9501200
2020-10-05,3350.000000,3390.000000,3350.000000,3360.000000,3360.000000,1672600
2020-10-06,3370.000000,3430.000000,3350.000000,3380.000000,3380.000000,6098200
2020-10-07,3350.000000,3380.000000,3270.000000,3300.000000,3300.000000,4170600
2020-10-08,3320.000000,3350.000000,3300.000000,3330.000000,3330.000000,1858800
2020-10-09,3320.000000,3430.000000,3310.000000,3420.000000,3420.000000,5042100
2020-10-12,3470.000000,3600.000000,3470.000000,3590.000000,3590.000000,15972100
2020-10-13,3640.000000,3820.000000,3580.000000,3780.000000,3780.000000,18370700
2020-10-14,3800.000000,3890.000000,3750.000000,3780.000000,3780.000000,23181700
2020-10-15,3790.000000,3820.000000,3760.000000,3800.000000,3800.000000,9013800
2020-10-16,3790.000000,3800.000000,3670.000000,3740.000000,3740.000000,8393100
2020-10-19,3760.000000,3770.000000,3660.000000,3700.000000,3700.000000,4592600
2020-10-20,3700.000000,3800.000000,3700.000000,3750.000000,3750.000000,4882300
2020-10-21,3760.000000,3850.000000,3760.000000,3830.000000,3830.000000,9209400
2020-10-22,3850.000000,4050.000000,3850.000000,4050.000000,4050.000000,22677900
2020-10-23,4040.000000,4040.000000,3820.000000,3910.000000,3910.000000,9012500
2020-10-26,3900.000000,3910.000000,3750.000000,3830.000000,3830.000000,5939800
2020-10-27,3750.000000,3880.000000,3660.000000,3700.000000,3700.000000,14539000
2020-11-02,3700.000000,3800.000000,3600.000000,3790.000000,3790.000000,5939500
2020-11-03,3830.000000,3880.000000,3790.000000,3840.000000,3840.000000,5535300
2020-11-04,3830.000000,3860.000000,3680.000000,3710.000000,3710.000000,10699700
2020-11-05,3790.000000,3800.000000,3730.000000,3790.000000,3790.000000,5831000
2020-11-06,3840.000000,3980.000000,3830.000000,3930.000000,3930.000000,13851400
2020-11-09,4000.000000,4040.000000,3890.000000,3890.000000,3890.000000,3334000
2020-11-10,3980.000000,4480.000000,3970.000000,4400.000000,4400.000000,24471400
2020-11-11,4410.000000,4410.000000,4240.000000,4300.000000,4300.000000,8893300
2020-11-12,4320.000000,4350.000000,4250.000000,4280.000000,4280.000000,6732800
2020-11-13,4280.000000,4440.000000,4240.000000,4390.000000,4390.000000,17316300
2020-11-16,4450.000000,4470.000000,4360.000000,4390.000000,4390.000000,2977000
2020-11-17,4400.000000,4400.000000,4310.000000,4310.000000,4310.000000,3766300
2020-11-18,4310.000000,4340.000000,4200.000000,4230.000000,4230.000000,6881100
2020-11-19,4230.000000,4320.000000,4160.000000,4210.000000,4210.000000,5518700
2020-11-20,4210.000000,4250.000000,4080.000000,4100.000000,4100.000000,8160800
2020-11-23,4100.000000,4270.000000,4080.000000,4260.000000,4260.000000,8740700
2020-11-24,4290.000000,4310.000000,4250.000000,4280.000000,4280.000000,5688500
2020-11-25,4320.000000,4350.000000,4250.000000,4340.000000,4340.000000,11803500
2020-11-26,4340.000000,4390.000000,4250.000000,4270.000000,4270.000000,6842900
2020-11-27,4280.000000,4320.000000,4220.000000,4240.000000,4240.000000,5545900
2020-11-30,4240.000000,4250.000000,4100.000000,4130.000000,4130.000000,8761000
2020-12-01,4210.000000,4250.000000,4110.000000,4130.000000,4130.000000,9795100
2020-12-02,4130.000000,4330.000000,4120.000000,4270.000000,4270.000000,13123100
2020-12-03,4300.000000,4300.000000,4190.000000,4220.000000,4220.000000,12576400
2020-12-04,4220.000000,4250.000000,4120.000000,4170.000000,4170.000000,9926300
2020-12-07,4180.000000,4230.000000,4180.000000,4200.000000,4200.000000,5768800
2020-12-08,4200.000000,4210.000000,4000.000000,4000.000000,4000.000000,23652600
2020-12-10,4010.000000,4050.000000,3850.000000,3890.000000,3890.000000,30922500
2020-12-11,3910.000000,4060.000000,3900.000000,3980.000000,3980.000000,12930400
2020-12-14,4000.000000,4030.000000,3920.000000,3980.000000,3980.000000,10318700
2020-12-15,3980.000000,4000.000000,3950.000000,4000.000000,4000.000000,5028200
2020-12-16,4030.000000,4090.000000,3980.000000,3990.000000,3990.000000,19816900
2020-12-17,4020.000000,4020.000000,3960.000000,3980.000000,3980.000000,7539100
2020-12-18,3980.000000,3980.000000,3880.000000,3900.000000,3900.000000,12434000
2020-12-21,3910.000000,3930.000000,3750.000000,3770.000000,3770.000000,26187000
2020-12-22,3770.000000,3780.000000,3510.000000,3560.000000,3560.000000,30203100
2020-12-23,3580.000000,3920.000000,3580.000000,3900.000000,3900.000000,28020700
2020-12-28,3930.000000,3960.000000,3800.000000,3860.000000,3860.000000,10421900
2020-12-29,3900.000000,3910.000000,3810.000000,3840.000000,3840.000000,8583900
2020-12-30,3840.000000,3870.000000,3710.000000,3750.000000,3750.000000,6538600
2021-01-04,3800.000000,3950.000000,3720.000000,3930.000000,3930.000000,12279400
2021-01-05,3880.000000,3940.000000,3850.000000,3880.000000,3880.000000,4736600
2021-01-06,3880.000000,3910.000000,3770.000000,3810.000000,3810.000000,10402300
2021-01-07,3830.000000,3880.000000,3820.000000,3860.000000,3860.000000,12133100
2021-01-08,3900.000000,3900.000000,3750.000000,3790.000000,3790.000000,12194600
2021-01-11,3800.000000,3830.000000,3700.000000,3740.000000,3740.000000,17058700
2021-01-12,3750.000000,3800.000000,3730.000000,3750.000000,3750.000000,11041900
2021-01-13,3750.000000,3790.000000,3700.000000,3720.000000,3720.000000,10904200
2021-01-14,3720.000000,3730.000000,3630.000000,3660.000000,3660.000000,21759400
2021-01-15,3660.000000,3680.000000,3600.000000,3630.000000,3630.000000,11919800
2021-01-18,3640.000000,3700.000000,3520.000000,3570.000000,3570.000000,8142700
2021-01-19,3570.000000,3630.000000,3470.000000,3600.000000,3600.000000,19133500
2021-01-20,3640.000000,3800.000000,3640.000000,3800.000000,3800.000000,14859000
2021-01-21,3840.000000,3870.000000,3690.000000,3730.000000,3730.000000,10538500
2021-01-22,3730.000000,3740.000000,3580.000000,3590.000000,3590.000000,11873100
2021-01-25,3550.000000,3550.000000,3440.000000,3470.000000,3470.000000,4856200
2021-01-26,3480.000000,3490.000000,3300.000000,3340.000000,3340.000000,17476700
2021-01-27,3340.000000,3570.000000,3210.000000,3400.000000,3400.000000,13722000
2021-01-28,3400.000000,3460.000000,3290.000000,3400.000000,3400.000000,8137700
2021-01-29,3430.000000,3470.000000,3310.000000,3400.000000,3400.000000,6528700
2021-02-01,3420.000000,3570.000000,3300.000000,3550.000000,3550.000000,10811100
2021-02-02,3600.000000,3630.000000,3510.000000,3600.000000,3600.000000,6995300
2021-02-03,3600.000000,3690.000000,3560.000000,3560.000000,3560.000000,6554000
2021-02-04,3590.000000,3600.000000,3400.000000,3420.000000,3420.000000,7386300
2021-02-05,3430.000000,3460.000000,3380.000000,3410.000000,3410.000000,5045700
2021-02-08,3450.000000,3450.000000,3340.000000,3420.000000,3420.000000,8479000
2021-02-09,3420.000000,3500.000000,3320.000000,3400.000000,3400.000000,13823900
2021-02-10,3400.000000,3440.000000,3310.000000,3360.000000,3360.000000,9565600
2021-02-11,3360.000000,3440.000000,3320.000000,3390.000000,3390.000000,10705700
2021-02-15,3430.000000,3780.000000,3420.000000,3760.000000,3760.000000,25792600
2021-02-16,3780.000000,3800.000000,3760.000000,3790.000000,3790.000000,8362900
2021-02-17,3790.000000,3790.000000,3700.000000,3770.000000,3770.000000,10459900
2021-02-18,3800.000000,4060.000000,3790.000000,3970.000000,3970.000000,62662800
2021-02-19,3970.000000,3990.000000,3790.000000,3830.000000,3830.000000,12431100
2021-02-22,3880.000000,3930.000000,3830.000000,3890.000000,3890.000000,7159600
2021-02-23,3910.000000,4050.000000,3910.000000,3980.000000,3980.000000,15182700
2021-02-24,4000.000000,4020.000000,3890.000000,4000.000000,4000.000000,16801200
2021-02-25,4020.000000,4120.000000,4000.000000,4050.000000,4050.000000,18445100
2021-02-26,3880.000000,4100.000000,3780.000000,4100.000000,4100.000000,8877300
2021-03-01,4100.000000,4100.000000,3910.000000,3930.000000,3930.000000,9374900
2021-03-02,4000.000000,4000.000000,3920.000000,3950.000000,3950.000000,5001500
2021-03-03,3970.000000,4000.000000,3920.000000,3970.000000,3970.000000,2534300
2021-03-04,3960.000000,4000.000000,3910.000000,3920.000000,3920.000000,2854500
2021-03-05,3920.000000,3920.000000,3650.000000,3650.000000,3650.000000,12416100
2021-03-08,3680.000000,3770.000000,3660.000000,3760.000000,3760.000000,3470300
2021-03-09,3810.000000,3810.000000,3610.000000,3670.000000,3670.000000,4774700
2021-03-10,3700.000000,3740.000000,3630.000000,3700.000000,3700.000000,2938000
2021-03-12,3760.000000,3900.000000,3750.000000,3890.000000,3890.000000,7287800
2021-03-15,3890.000000,3910.000000,3740.000000,3740.000000,3740.000000,4532300
2021-03-16,3740.000000,3790.000000,3710.000000,3780.000000,3780.000000,2511000
2021-03-17,3730.000000,3780.000000,3640.000000,3650.000000,3650.000000,7613100
2021-03-18,3650.000000,3680.000000,3630.000000,3630.000000,3630.000000,3397100
2021-03-19,3630.000000,3630.000000,3550.000000,3560.000000,3560.000000,5321100
2021-03-22,3560.000000,3650.000000,3550.000000,3600.000000,3600.000000,4774000
2021-03-23,3650.000000,3670.000000,3550.000000,3560.000000,3560.000000,5341800
2021-03-24,3620.000000,3850.000000,3570.000000,3660.000000,3660.000000,7738900
2021-03-25,3660.000000,3680.000000,3550.000000,3550.000000,3550.000000,2710400
2021-03-26,3600.000000,3720.000000,3590.000000,3680.000000,3680.000000,5371200
2021-03-29,3700.000000,3710.000000,3600.000000,3620.000000,3620.000000,2183500
2021-03-30,3670.000000,3670.000000,3580.000000,3620.000000,3620.000000,2050300
2021-03-31,3650.000000,3650.000000,3440.000000,3480.000000,3480.000000,7689300
2021-04-01,3520.000000,3550.000000,3450.000000,3510.000000,3510.000000,3057800
2021-04-05,3510.000000,3530.000000,3460.000000,3480.000000,3480.000000,1334100
2021-04-06,3480.000000,3500.000000,3430.000000,3470.000000,3470.000000,1800700
2021-04-07,3450.000000,3500.000000,3360.000000,3400.000000,3400.000000,3166000
2021-04-08,3410.000000,3460.000000,3310.000000,3350.000000,3350.000000,6594800
2021-04-09,3370.000000,3390.000000,3300.000000,3340.000000,3340.000000,10569600
2021-04-12,3350.000000,3360.000000,3110.000000,3110.000000,3110.000000,13336300
2021-04-13,3090.000000,3170.000000,2900.000000,2900.000000,2900.000000,31969100
2021-04-14,2900.000000,3070.000000,2810.000000,3070.000000,3070.000000,30381100
2021-04-15,3070.000000,3150.000000,3000.000000,3050.000000,3050.000000,10874300